case,stage,T,ms,flops_est,tflops_est,operand_bytes,operand_gibs,ai_core_num
s1_t4096,1,4096,0.22994300040300003,402653184.0,1.7510999825796247,28213560,114.27147289639986,24
s1_t4096,2,4096,0.2719290018081665,1073741824.0,3.9486109126288627,21102904,72.27478773671963,24
s1_t4096,3,4096,0.20810099989175795,536870912.0,2.5798574359529702,15532344,69.51250888471202,24
s1_t16384,1,16384,0.9141019940376282,1610612736.0,1.7619617356766213,110494008,112.57558202625172,24
s1_t16384,2,16384,0.8886099994182587,4294967296.0,4.833354676192887,84214072,88.26196689800803,24
s1_t16384,3,16384,0.24930400028824806,2147483648.0,8.613915723442286,59769144,223.27902082711685,24
s1_t65536,1,65536,3.560655987262726,6442450944.0,1.8093438307564977,439615800,114.98558697112168,24
s1_t65536,2,65536,4.294653987884521,17179869184.0,4.000291812207793,336658744,73.00655398861063,24
s1_t65536,3,65536,1.0315019965171814,8589934592.0,8.327598609603776,236716344,213.7264646040568,24
