case,B,seqlen,T,nk,nv,dk,dv,chunk,block_dim,ai_core_num,flops_estimate,effective_io_bytes,workspace_bytes_excluded_from_bw,custom_ms,torch_ref_ms,custom_tflops_est,torch_ref_tflops_est,custom_effective_gibs,torch_ref_effective_gibs,speedup_vs_torch,mean_abs_err,max_abs_err_out,max_abs_err_state
gdn_b1_s4096_h4,1,4096,4096,4,4,64,64,64,8,8,1207959552.0,63800232,,0.872503998875618,47.05302906036377,1.3844745165141688,0.02567230157383328,68.10123094435858,1.2628006637166214,53.928725966872655,0.03430376201868057,0.239013671875,0.205078125
gdn_b1_s16384_h4,1,16384,16384,4,4,64,64,64,8,8,4831838208.0,253428648,,3.2327720046043398,150.7091522216797,1.494642431052409,0.0320606820274113,73.00973300947862,1.5660881735271783,46.6191714129636,0.03475691005587578,0.3125,0.18994140625
gdn_b1_s65536_h4,1,65536,65536,4,4,64,64,64,8,8,19327352832.0,1011942312,,13.219722938537597,853.9492279052735,1.462008918179192,0.022632906267050265,71.29080720949176,1.1036308583426964,64.59660553216857,0.03458353877067566,0.24267578125,0.18505859375
