case,batch,heads,kv_heads,q_seq,kv_seq,embd,embdv,block_dim,custom_ms,torch_ref_ms,custom_tflops,torch_ref_tflops,mean_abs_err,max_abs_err
prefill_b4_h16_s256,4,16,16,256,256,192,128,24,0.14215399995446204,0.2998009994626045,18.883426149527363,8.953787895342995,6.393053627107292e-05,0.00244140625
prefill_b4_h16_s512,4,16,16,512,512,192,128,24,0.18557900041341782,0.34448999911546707,57.85901538471515,31.16902745383039,4.7997084038797766e-05,0.001708984375
prefill_b4_h16_s768,4,16,16,768,768,192,128,24,0.2528029978275299,0.5598839908838272,95.5652869926889,43.15035156097702,4.017374158138409e-05,0.001220703125
prefill_b4_h16_s1024,4,16,16,1024,1024,192,128,24,0.37490100115537645,0.8482759922742844,114.5627054279315,50.63172051450975,3.5353703424334526e-05,0.001220703125
prefill_b8_h16_s768,8,16,16,768,768,192,128,24,0.46751299798488616,1.0447440028190613,103.3519544660062,46.24901597867151,4.01091601816006e-05,0.00244140625
prefill_b8_h32_s512,8,32,32,512,512,192,128,24,0.4917400017380714,1.138689011335373,87.34223941146327,37.71852765104995,4.801634349860251e-05,0.002197265625
prefill_b8_h32_s768,8,32,32,768,768,192,128,24,0.993706002831459,2.001503998041153,97.24884813480433,48.28207400763486,4.0094069845508784e-05,0.00146484375
prefill_b16_h16_s512,16,16,16,512,512,192,128,24,0.5048740014433861,1.1774939954280854,85.07008251011347,36.47549212714701,4.804016862181015e-05,0.00244140625
prefill_b16_h32_s256,16,32,32,256,256,192,128,24,0.3405080005526543,0.8121439963579178,63.06705406376861,26.442153825312378,6.359237886499614e-05,0.0029296875
