case,batch,heads,kv_heads,q_seq,kv_seq,embd,embdv,block_dim,custom_ms,torch_ref_ms,custom_tflops,torch_ref_tflops,mean_abs_err,max_abs_err
prefill_b4_h16_s256,4,16,16,256,256,192,128,24,0.13689100071787835,0.29928899854421614,19.60943046601175,8.969105356551957,6.394147203536704e-05,0.0029296875
prefill_b4_h16_s512,4,16,16,512,512,192,128,24,0.17840200066566467,0.3396819993853569,60.1866470103243,31.61020677995594,4.789495142176747e-05,0.00146484375
prefill_b4_h16_s768,4,16,16,768,768,192,128,24,0.25310099869966507,0.5040530011057853,95.45276851581214,47.92986250850577,4.021257336717099e-05,0.00146484375
prefill_b4_h16_s1024,4,16,16,1024,1024,192,128,24,0.3718960002064705,0.8621190100908279,115.48839712219291,49.81872857144754,3.544893843354657e-05,0.00146484375
prefill_b8_h16_s768,8,16,16,768,768,192,128,24,0.4659740000963211,1.0434769988059998,103.69330063482542,46.305172165067745,4.0211154555436224e-05,0.001708984375
prefill_b8_h32_s512,8,32,32,512,512,192,128,24,0.512704998254776,1.1308190047740936,83.77073191445118,37.98103213571314,4.7952842578524724e-05,0.001953125
prefill_b8_h32_s768,8,32,32,768,768,192,128,24,0.9954709976911544,1.9967099845409393,97.07642350619402,48.39799715942103,4.016768070869148e-05,0.00146484375
prefill_b16_h16_s512,16,16,16,512,512,192,128,24,0.5080819994211196,1.1666509866714478,84.53295532794799,36.81450018101727,4.798013105755672e-05,0.001953125
prefill_b16_h32_s256,16,32,32,256,256,192,128,24,0.3643270030617714,0.8078399956226349,58.94385071522946,26.583032031545404,6.378659600159153e-05,0.0029296875
